1588,Адыгейск
1590,Афипсип
1600,Козет
1229,Кошехабль
1233,Майкоп
1083,Натырбово
1617,Псекупс
1350,Тахтамукай
1624,Тлюстенхабль
1627,Энем
323,Яблоновский
822,Горно-Алтайск
77,Майма
795,Алейск
6,Алтайское
1856,Баево
274,Барнаул
814,Белокуриха
275,Бийск
803,Благовещенка
809,Бурла
808,Быстрый Исток
2334,Верх-Суетка
49,Веселоярск
13276,Власиха
804,Волчиха
792,Гальбштадт
783,Горняк
2335,Ельцовка
801,Завьялово
1858,Залесово
98,Заринск
784,Змеиногорск
787,Зональное
701,Калманка
786,Камень-на-Оби
815,Ключи
1861,Косиха
791,Красногорское
812,Краснощеково
1857,Крутиха
805,Кулунда
813,Курья
816,Кытманово
1271,Мало-Енисейское
782,Мамонтово
1147,Михайловское
796,Новичиха
788,Новоалтайск
1859,Новоегорьевское
13278,Новосиликатный
780,Павловск
779,Панкрушиха
810,Петропавловское
797,Поспелиха
781,Ребриха
802,Родино
800,Романово
798,Рубцовск
13090,Сибирский
806,Славгород
1860,Советское
2336,Солонешное
2332,Солтон
799,Староалейское
954,Степное Озеро
1863,Табуны
817,Тальменка
820,Тогул
794,Топчиха
790,Троицкое
785,Тюменцево
2337,Угловское
2330,Усть-Калманка
2331,Усть-Чарышская Пристань
807,Хабары
2333,Целинное
811,Чарышское
1862,Шелаболиха
793,Шипуново
13277,Южный
778,Яровое
896,Белогорск
286,Благовещенск
918,Богородское
13370,Дактуй Магдагачинский р-он
3224,Завитинск
2329,Зея
13328,Ивановка
13012,Магдагачи
13065,Невер
13447,Новобурейский
13013,Райчихинск
3229,Свободный
13396,Серышево
13064,Сковородино
1763,Талакан
13294,Тыгда
318,Тында
13395,Углегорск
1760,Шимановск
402,Архангельск
13292,Архангельск-55
1952,Березник
1955,Васьково
994,Вельск
1953,Верхняя Тойма
2342,Ильинско-Подомское
1954,Каргополь
1948,Коноша
1170,Коряжма
1756,Котлас
2340,Красноборск
13014,Мезень
1951,Мирный
13095,Мухонская
997,Новодвинск
1949,Няндома
1957,Обозерский
2341,Октябрьский
1950,Онега
406,Плесецк
2339,Савинский
996,Северодвинск
13411,Североонежск
13017,Соловецкий
2338,Холмогоры
1956,Цигломень
432,Астрахань
145,Ахтубинск
2402,Верхний Баскунчак
2403,Володарский
2404,Енотаевка
2405,Замьяны
2406,Знаменск
2407,Икряное
2408,Камызяк
2409,Красные Баррикады
13112,Красный Яр
2410,Лиман
2411,Нариманов
2412,Началово
2413,Нижний Баскунчак
13287,Осыпной Бугор
2414,Средний Баскунчак
13121,Харабали
2415,Черный Яр
13097,Авдон Уфимский р-он
634,Агидель
1767,Азово
2416,Аксаково село
2417,Аксеново
90,Актау
651,Акъяр
13136,Алексеевка
663,Архангельское
648,Аскарово
661,Аскино
13203,Аэропорт
646,Баймак
637,Бакалы
631,Белебей
249,Белорецк
638,Бижбуляк
548,Бирск
656,Благовещенск
660,Большеустьикинское
662,Буздяк
649,Бураево
654,Верхнеяркеево
643,Верхние Киги
667,Верхние Татышлы
658,Давлеканово
13202,Дема
405,Дюртюли
636,Ермекеево
650,Ермолаево
2418,Жуково
647,Зилаир
13004,Зубово
673,Иглино
630,Исянгулово
672,Ишимбай
668,Калтасы
639,Караидель
655,Кармаскалы
632,Киргиз-Мияки
665,Красная Горка
635,Красноусольский
12998,Красный Ключ Нуримановский р-н
653,Кумертау
1265,Курасково
669,Кушнаренково
303,Майск
13205,Максимовка
666,Малояз
2419,Межгорье
946,Мелеуз
1139,Месягутово
2420,Михайловка
644,Мишкино
1351,Мокроусово
633,Мраково
629,Нефтекамск
2421,Никифарово
652,Николо-Березовка
645,Новобелокатай
13382,Новомуслюмово Минтлинский р-н
2422,Нурлино
657,Октябрьский
2423,Прибельский
13001,Приютово
1138,Раевский
111,Салават
664,Сибай
1405,Старобалтачево
1406,Старосубхангулово
671,Стерлибашево
257,Стерлитамак
13317,Тимашево
640,Толбазы
628,Туймазы
256,Уфа
670,Учалы
641,Федоровка
674,Чекмагуш
13204,Чесноковка
675,Чишмы
13247,Шакша
659,Шаран
2424,Юмагузино
2425,Юматово
642,Языково
2345,Янаул
342,Алексеевка
337,Белгород
2065,Бирюч
2471,Борисовка
344,Валуйки
2477,Вейделевка
338,Веселая Лопань
2475,Волоконовка
2064,Грайворон
1230,Губкин
2071,Дубовое
2472,Короча
2066,Красная Яруга
131,Майский
39,Незнамово
341,Новый Оскол
2067,Октябрьский
2072,Пролетарский
2473,Прохоровка
2068,Пятницкое
2069,Разумное
2476,Ракитное
2478,Ровеньки
2073,Северный
372,Сосновка
132,Старый Оскол
2474,Строитель
957,Шебекино
2309,Белые Берега
2328,Большое Полпино
2310,Брасово
220,Брянск
2311,Выгоничи
3223,Глинищево
2327,Добрунь
2312,Дубровка п.г.т.
2301,Дятьково
97,Желтая Акация
2324,Жирятино
2313,Жуковка
2302,Злынка
2303,Карачев
2317,Клетня
2315,Климово
416,Клинцы
166,Ковалерово
2314,Комаричи
2316,Красная Гора
13431,Кузьмино
3222,Локоть
2318,Мглин
13364,Меркульево
2319,Навля
418,Новозыбков
13068,Октябрьский Брянский район
2304,Погар
1882,Почеп
2320,Рогнедино
2321,Севск
2305,Сельцо
2306,Стародуб
2322,Суземка
2326,Супонево
2307,Сураж
2323,Трубчевск
2308,Унеча
2325,Фокино
2426,Бабушкин
2427,Багдарин
2428,Баргузин
2429,Горячинск
2430,Гурульба
544,Гусиноозерск
2431,Дивизионная
2432,Забайкальский
2433,Заиграево
2434,Закаменск
2435,Звездный
1408,Иволгинск
2436,Исток Кабанский р-он
2437,Кабанск
2438,Каменск
2439,Курумкан
2440,Кяхта
2441,Медведчиково
2442,Наушки
24,Нижнеангарск
2443,Нижние Тальцы
2444,Нижний Саянтуй
2445,Нижняя Иволга
2446,Новокижингинск
2447,Онохой
2448,Саган-Нур
543,Северобайкальск
2360,Селенгинск
2449,Сосновый Бор
2450,Сотниково
2451,Сужа
2452,Таксимо
2453,Таловка
2454,Тулунжа
2455,Турунтаево
230,Улан-Удэ
1196,Александров
94,Владимир
1197,Вязники
2486,Гороховец
460,Гусь-Хрустальный
312,Измайлово
13000,Киржач
294,Ковров
492,Кольчугино
2479,Лакинск
2487,Мстера
1759,Муром
2484,Петушки
940,Покров
2480,Радужный
2481,Собинка
13291,Струнино
2396,Судогда
42,Суздаль
2482,Улыбышево
2485,Юрьев-Польский
2483,Юрьевец
1228,Аксай
13173,Аэропорт
13177,Верхнезареченский
13179,Водстрой
426,Волгоград
427,Волжский
13180,Горная Поляна
13182,Горный
2456,Городище
1024,Горьковский
13181,Гули Королевой
13172,Гумрак
13174,ГЭС
2460,Даниловка
324,Дубовка
2461,Елань
1573,Жирновск
13178,Заречный
1572,Иловля
271,Калач-на-Дону
1025,Камышин
1577,Котельниково
1575,Котово
1578,Краснослободск
13175,Латошинка
2458,Ленинск
1960,Линево
13183,Майский
1232,Михайловка
1144,Николаевск
1574,Новоаннинский
1576,Палласовка
13185,Песчанка
2459,Петров Вал
13124,Рудня
155,Светлый Яр
13176,Селезневка
13184,Солнечный
2457,Средняя Ахтуба
1542,Урюпинск
1026,Фролово
2023,Бабаево
2024,Белозерск
992,Великий Устюг
2026,Верховажье
2027,Вожега
246,Вологда
2028,Вытегра
2029,Грязовец
2462,Ермаково
2045,Кадников
2030,Кадуй
1112,Капустино
2463,Кипелово
2031,Кириллов
2032,Кичменгский Городок
2043,Красавино
2025,Липин Бор
2464,Молочное
2033,Никольск
2467,Новатор
2034,Нюксеница
1325,Родионцево
993,Ростилово
2044,Сазоново
991,Сокол
2035,Сямжа
2036,Тарногский Городок
2037,Тотьма
2465,Устье-Кубинское
2038,Устюжна
2466,Федотово
2039,Харовск
2040,Чагода
403,Череповец
2041,Шексна
2042,Шуйское
1353,Анна
2469,Бабяково
1354,Бобров
1355,Богучар
352,Борисоглебск
13295,Боровое
2351,Бутурлиновка
1356,Верхний Мамон
1357,Верхняя Хава
13296,Воробьевка
506,Воронеж
13300,Воронцовка
1358,Грибановский
13297,Давыдовка
382,Знаменка
2352,Калач
2468,Каменка
1359,Кантемировка
1360,Каширское
13125,Колодезный
13298,Коротояк
13126,Краснолесный
13127,Латное
357,Лиски
13171,Малышево
13169,Масловка
13128,Нижнедевицк
1361,Нижний Кисляй
13170,Никольское
557,Новая Усмань
1362,Нововоронеж
1363,Новохоперск
1364,Ольховатка
13299,Опытная станция ВНИИК Хохольский р-н
1309,Острогожск
927,Павловск
1365,Панино
1366,Поворино
13301,Подгоренский
1367,Подгорное
1368,Рамонь
537,Россошь
1439,Ростоши
355,Семилуки
13130,Солнечный Рамонский р-н
13131,Сомово пгт
13132,Стрелица Семилукский р-он
1369,Таловая
13133,Терновка Терновский р-н
1370,Хохольский
13168,Шилово
1371,Эртиль
2470,Ямное
59,Аща
2491,Бабаюрт
1870,Буйнакск
2492,Дербент
2488,Избербаш
2489,Каспийск
2490,Кизилюрт
2493,Кизляр
442,Махачкала
2494,Хасавюрт
914,Биробиджан
1295,Петровское
1106,Птичник
1434,Агинское
2495,Атамановка Читинский р-он
13067,Балей
2498,Дарасун
2362,Забайкальск
2499,Краснокаменск
2496,Маккавеево
13016,Могоча
2497,Новокручининский
13062,Оловянная
3228,Улеты
2361,Хилок
231,Чита
13389,Шерловая Гора
13093,Шилка
13094,Ясногорск
1238,Аньково
465,Вичуга
2500,Заволжск
164,Иваново
462,Кинешма
2076,Комсомольск
2077,Кохма
2078,Лежнево
2079,Лух
2080,Наволоки
2081,Нерль
2501,Ново-Талицы
2082,Октябрьский
2083,Писцово
2084,Плес
2085,Приволжск
14,Пучеж
463,Родники
2086,Старая Вичуга
2356,Тейково
2357,Фурманов
390,Шуя
1736,Магас
443,Назрань
2016,Экажево
280,Ангарск
1124,Байкальск
2502,Белореченский
1160,Бодайбо
3227,Бозой пос.
2503,Большая Речка
1872,Большой Луг
877,Братск
1869,Вихоревка
13333,Дзержинск
886,Железногорск-Илимский
872,Залари
874,Зима
281,Иркутск
1162,Казачинское
888,Киренск
1762,Куйтун
1761,Кутулик
1915,Листвянка
2512,Магистральный
889,Мама
13120,Маркова Иркутский р-н
1261,Марково
2504,Мегет
2505,Молодежный Жигаловский р-он
875,Нижнеудинск
2506,Никола
13152,Ново-Разводная
13151,Новолисиха
883,Новонукутский
2507,Оек
1866,Оса
2508,Пивовариха
13155,Садоводство строитель-2
873,Саянск
8,Свирск
1192,Слюдянка
1262,Смоленщина
885,Тайшет
876,Тулун
2509,Урик
880,Усолье-Сибирское
878,Усть-Илимск
519,Усть-Кут
879,Усть-Ордынский
881,Усть-Уда
2510,Хомутово
2371,Черемхово
1161,Чунский
319,Шелехов
2511,Энергетик
2515,Анзорей
2513,Баксан
2514,Залукокоаже
2520,Кашхатау
2516,Майский
1081,Нальчик
2518,Нарткала
2017,Прохладный
2517,Терек
2521,Тырныауз
2519,Чегем
13141,Александра Космодемьянского пос.
2522,Багратионовск
2523,Балтийск
13350,Большое Исаково
2524,Васильково
2525,Гвардейск
2061,Гурьевск
890,Гусев
13347,Железнодорожный
2526,Зеленоградск
152,Калининград
2531,Краснознаменск
13352,Ладушкин
13351,Малое Исаково
2537,Мамоново
2532,Неман
2533,Нестеров
2534,Озерск
13348,п. Взморье
13346,п.Янтарный
2527,Пионерский
2528,Полесск
2530,Правдинск
2063,Прибрежный
2538,Приморск
232,Приморье
2529,Светлогорск
2062,Светлый
2535,Славск
2536,Советск
2348,Черняховск
13353,Чкаловск
13349,Шоссейное
2540,Городовиковск
2541,Лагань
2539,Троицкое
207,Элиста
13157,Анненки
1916,Бабынино
1917,Балабаново
429,Барятино
1918,Белоусово
1919,Бетлица
1920,Боровск
1921,Воротынск
1308,Ворсино
13160,Грабцево
1329,Детчино
1922,Думиничи
1923,Ермолино
1924,Жиздра
1925,Жилетово
1926,Жуков
1306,Жуково
1927,Износки
142,Калуга
1947,Киров
1928,Козельск
1188,Кондрово
1929,Кременки
1930,Льва Толстого
144,Людиново
423,Малоярославец
1931,Медынь
1932,Мещовск
1933,Мосальск
13159,Мстихино
1276,Обнинск
1934,Перемышль
1935,Полотняный Завод
2581,Протва
2580,Росва
1936,Сосенский
1937,Спас-Деменск
1938,Сухиничи
1939,Таруса
1940,Товарково
13158,Турынино
1941,Ульяново
1942,Ферзиково
1943,Хвастовичи
1944,Шайковка
1945,Юхнов
13087,Березняки
407,Вилючинск
2543,Вулканный
13074,Дальний
13076,Долиновка
895,Елизово
2544,Завойко
13075,Заозерный
13086,Зеленый
3205,Ключи
894,Корф
13084,Коряки
13078,Красный
3214,Мильково
13079,Мирный
13081,Николаевка
13082,Паратунка
285,Петропавловск-Камчатский
2542,Пионерский
13071,Радыгина
13085,Раздольный
2545,Светлый
13080,Сосновка
13083,Термальный
13073,Тундровый
13077,Халатырка
13072,Чапаевка
2547,Адыге Хабль
2548,Зеленчукская
2546,Кавказский
2549,Карачаевск
1141,Нижний Архыз
2553,Теберда
2389,Усть-Джегута
2550,Учкекен
2551,Хабез
1085,Черкесск
2552,Эркен-Шахар
2559,Беломорск
2560,Вяртсиля
2561,Калевала
2562,Кемь
2554,Кондопога
986,Костомукша
2563,Лахденпохья
2564,Лоухи
2557,Медвежьегорск
2565,Муезерский
2566,Надвоицы
985,Олонец
450,Петрозаводск
2567,Питкяранта
2555,Пряжа
2568,Пудож
2569,Сегежа
2570,Сортавала
2558,Суоярви
2556,Шуйская
767,Анжеро-Судженск
766,Белово
761,Березовский
13314,Бутовская шахта
760,Верх-Чебула
2369,Гурьевск
13315,Журавлево
770,Ижморский
1189,Калтан
13446,Кедровка Кемеровский р-н
272,Кемерово
772,Киселевск
762,Крапивинский
13275,Красная
299,Ленинск-Кузнецкий
13269,Лесная Поляна
759,Мариинск
777,Междуреченск
13272,Металлплощадка
776,Мыски
273,Новокузнецк
775,Осинники
13274,Пионер
1333,Полысаево
13268,Предзаводской
773,Прокопьевск
758,Промышленная
13270,РТС
13267,Северная
1536,Спасск
13388,Судженка
13271,Суховский
2366,Тайга
2571,Таштагол
768,Топки
2367,Тяжинский
765,Юрга
13273,Ягуновский
2368,Яшкино
2365,Яя
1768,Азово Свечинский район
2576,Белая Холуница
2572,Бурмакино
2577,Вахруши
2578,Верхошижемье
2583,Восточный
388,Вятские Поляны
415,Киров
241,Кирово-Чепецк
2584,Котельнич
13113,Красная Поляна
2585,Малмыж
2573,Мурыгино
2586,Нолинск
197,Омутнинск
2587,Оричи
2579,Орлов
2588,Пижанка
2574,Радужный
2589,Свеча
2383,Слободской
2590,Советск
2591,Сосновка
2575,Стрижи
2592,Тужа
2593,Уржум
2582,Юрья
2594,Яранск
2604,Айкино
2605,Визинга
2595,Водный
2600,Воргашор
999,Воркута
2601,Вуктыл
2596,Выльгорт
2606,Емва
2346,Инта
2607,Койгородок
2599,Корткерос
2608,Микунь
2602,Нижний Одес
2609,Объячево
998,Печора
2597,Сосногорск
404,Сыктывкар
2603,Троицко-Печерск
5,Усинск
2610,Усть-Кулом
3238,Усть-Цильма
1093,Ухта
2598,Ярега
2612,Буй
2613,Ветлужский
941,Волгореченск
1810,Галич
2611,Караваево
165,Кострома
2614,Красное-на-Волге
2623,Макарьев
2615,Мантурово
2616,Нерехта
2617,Никольское Костромской р-он
2618,Островское
2624,Солигалич
2619,Судиславль
2620,Сусанино
2621,Чистые Боры
2625,Чухлома
2622,Шарья
1587,Абинск
1571,Абрау-Дюрсо
2626,Агой
326,Адлер
959,Анапа
2627,Анапская
1386,Апшеронск
315,Армавир
1589,Архипо-Осиповка
1057,Афипский
13334,Аше
1591,Белая Глина
13,Белореченск
1592,Березанская
1946,Благовещенская
2058,Большой Утриш
1166,Брюховецкая
13337,Вардане
2628,Васюринская
2629,Верхнебаканский
2630,Веселое
2631,Виноградный Анапский р-он
2059,Витязево
2051,Владимировка
2056,Возрождение
2632,Волковка
1593,Выселки
2052,Гайдук
1062,Геленджик
2633,Гирей
13336,Головинка
2634,Голубицкая
2060,Горный
1066,Горячий Ключ
13289,Губская Мостовской р-н
1300,Гулькевичи
2047,Дагомыс
2635,Двубратский
2636,Дедеркой
3007,Дербентский
1594,Джубга
2057,Дивноморское
1595,Динская
13164,Дружелюбный
1087,Ейск
1596,Елизаветинская
2637,Заветный
13167,Зеленопольский
13163,Знаменский
2638,Ильский
13165,Индустриальный
2054,Кабардинка
1597,Кавказская
2639,Казанская
1598,Калининская
1599,Каневская
13162,Колосистый
2640,Коноково
1601,Кореновск
2641,Красная Поляна
435,Краснодар
2642,Красносельский
1061,Кропоткин
1603,Крыловская
1059,Крымск
13341,Кудепста
1604,Курганинск
1605,Кущевская
1606,Лабинск
2046,Лазаревское
1607,Ленинградская
2643,Лермонтово
2644,Лоо
13166,Лорис
2645,Марьянская
2646,Медведовская
1608,Мостовской
2053,Мысхако
2647,Натухаевская
2648,Небуг
2649,Нижнебаканский
1612,Новодеревянковская
1609,Новокубанск
2650,Новоминская
1610,Новомихайловский
1611,Новопокровская
436,Новороссийск
2651,Новотитаровская
2652,Октябрьский Туапсинский р-он
1639,Ольгинка
1613,Отрадная
1614,Павловская
2653,Пашковский
1615,Полтавская
1063,Приморско-Ахтарск
2654,Прочноокопская
1616,Псебай
2055,Раевская
13114,Рассвет Ейский р-н
1618,Северская
1740,Сенной
1064,Славянск-на-Кубани
13335,Советквадже
13340,Солоники
437,Сочи
1621,Стародеревянковская
1619,Староминская
1620,Старомышастовская
2655,Старотитаровская
1622,Старощербиновская
2656,Тамань
1623,Тбилисская
1065,Темрюк
1058,Тимашевск
203,Тихорецк
34,Туапсе
2657,Тюменский
1625,Успенское
1251,Усть-Лабинск
1626,Хадыженск
13343,Хоста
13338,Чемитоквадже
2359,Черноморский Северский р-он
13342,Эсто- Садок
13339,Якорная щель
1654,Абан
843,Агинское
1120,Алыкель
1259,Ачинск
101,Байкит
849,Балахта
869,Березовка
856,Боготол
860,Богучаны
834,Большая Мурта
858,Большой Улуй
864,Бородино
1151,Ванавара
1152,Дзержинское
845,Дивногорск
1260,Диксон
828,Дудинка
837,Емельяново
831,Енисейск
842,Ермаковское
2344,Железногорск
862,Заозерный
865,Зеленогорск
2391,Игарка
839,Идринское
867,Иланский
868,Ирбейское
832,Казачинское
1020,Кайеркан
859,Канск
841,Каратузское
1655,Кедровый
844,Кодинск
853,Козулька
408,Краснокаменск
838,Краснотуранск
278,Красноярск
840,Курагино
846,Лесосибирск
2658,Манский
836,Минусинск
1154,Мотыгино
854,Назарово
866,Нижний Ингаш
2050,Нижняя Пойма
851,Новобирилюссы
848,Новоселово
279,Норильск
1155,Партизанское
833,Пировское
13381,Пролетарский
1156,Северо-Енисейский
2659,Солонцы
835,Сосновоборск
1157,Сухобузимское
26,Талнах
861,Тасеево
829,Тура
2392,Туруханск
2370,Тюхтет
855,Ужур
847,Уяр
1656,Филимоново
2393,Хатанга
850,Шалинское
852,Шарыпово
1258,Шушенское
2663,Альменево
13098,Белый яр
2661,Глядянское
2664,Далматово
2665,Звериноголовское
2660,Катайск
93,Курган
694,Петухово
695,Шадринск
2666,Шатрово
2662,Шумиха
13002,Юргамыш
1757,Ворошнево
870,Железногорск
2667,Золотухино
2671,Коренево пос.
699,Курск
335,Курчатов
2672,Льгов
2668,Медвенка
2673,Обоянь
2669,Прямицыно
2674,Рыльск
330,Суджа
2670,Фатеж
2675,Щигры
1292,Авиагородок
2676,Аннино
977,Бокситогорск
2677,Большая Ижора
1291,Бугры
2678,Васкелово
2679,Виллози
2680,Войсковицы
2681,Волосово
974,Волхов
980,Всеволожск
971,Выборг
2682,Высоцк
981,Гатчина
2683,Горбунки
2684,Гурлево
13421,Дубровка Кировский р-н
2686,Ивангород
1311,Иссад
2687,Каменка Выборгский р-он
2688,Каменногорск
138,Кингисепп
2689,Кирилловское
970,Кириши
973,Кировск
13405,Ковалево Всеволожский р-он
2690,Коммунар
2691,Копорье
497,Красный Бор Тосненский р-он
2692,Кузьмолово
2693,Лаголово
2694,Лесное
975,Лодейное Поле
81,Луга
2695,Любань
13106,Лялицы Кингисеппский р-он
2696,Малая Ижора
2697,Малое Верево
2698,Малые Колпаны
1286,Мга
1214,Мурино
2699,Никольское
2700,Новая Ладога
1290,Новое Девяткино
13058,Новосаратовка
2701,Новоселье пос.
2702,Новый Свет
1582,Ольгино
2703,Ополье
2704,Оредеж Лужский р-он
984,Отрадное
2705,Павлово п.г.т.
1212,Парнас
2706,Первомайское
2707,Песочное
88,Пикалево
13107,Поги Тосненский р-он
976,Подпорожье
1585,Поселок им.Свердлова
700,Пригородный
2709,Приладожский
945,Приморск
84,Приозерск
2710,Рощино
2711,Русско-Высоцкое
2712,Светогорск
119,Семеново
1209,Сертолово
2713,Сиверский
2714,Синявино
982,Сланцы
2715,Советский
2716,Сосново пос.
979,Сосновый Бор
2717,Сясьстрой
13109,Тайцы Гатчинский р-он
13110,Тельмана Тосненский р-он
978,Тихвин
2718,Токсово
78,Тосно
2719,Ульяновка
2720,Усть-Луга
2721,Форносово
2722,Шлиссельбург
3187,Шум
13409,Юкки Всеволожский р-н
13059,Янино
2734,Боринское
930,Грязи
1579,Данков
358,Добринка
359,Доброе
13331,Долгоруково
362,Елец
13123,Жерновное
365,Задонск
13365,Измалково
13323,Казинка Грязинский р-н
13322,Косыревка
1580,Красное
13321,Кузьминские Отвержки
361,Лебедянь
2736,Лев Толстой
2735,Ленино
320,Липецк
1581,Подгорное
2737,Сенцово
13430,Становое
367,Тербуны
366,Усмань
370,Хлевное
368,Чаплыгин
13397,Частая Дубрава
314,Магадан
2738,Ола
2741,Омсукчан
2743,Палатка
13142,Пионерный
2739,Снежная Долина
13143,Снежный
2740,Сокол
2744,Стекольный
2347,Сусуман
2742,Уптар
2745,Хасын
2746,Волжск
1873,Звенигово
141,Йошкар-Ола
13088,Козьмодемьянск
2747,Куженер
2748,Медведево
2754,Морки
2749,Новый Торъял
2750,Оршанка
1019,Параньга
2751,Семеновка
2752,Сернур
2753,Советский
2764,Ардатов
2765,Атяшево
2756,Большая Елховка
2761,Инсар
2762,Кадошкино
2766,Ковылкино
2767,Краснослободск
2757,Луховка
2758,Лямбирь
2755,Николаевка
1636,Рузаевка
417,Саранск
2763,Старое Шайгово
2759,Чамзинка
2760,Ялга
1660,Акулово
28,Внуково
2788,Восточный
184,Зеленоград
1697,Малино
44,Москва
2790,Мякинино
148,Некрасовка
2792,Новобратцевский
13330,Осташково Мытищинский р-н
2789,Рублево
110,Северный
2791,Толстопальцево дер.
1383,Толстопальцево пос.
109,Черкизово
1374,Авиагородок
1658,Авсюнино
1659,Агрогород
1125,Ангелово
1096,Андреевка
13302,Апаринки Ленинский р-н
483,Апрелевка
1661,Архангельское
1662,Атепцево
1663,Ашукино
1375,Баковка
1097,Балашиха
1664,Барыбино
1665,Бекасово
1098,Белая Дача
1666,Белоозерский
1558,Белоомут
1852,Белые Столбы
61,Беседы
1667,Богородское Сергиево-Посадский р-он
1668,Большие Вяземы
1669,Большие Дворы
74,Большое Буньково
1301,Бородино
1099,Бронницы
1670,Булатниково
467,Бутово
1195,Быково
1559,Ватутинки
1671,Вельяминово
2768,Вербилки
1118,Верея
302,Вешки
1100,Видное
1672,Вишняковские Дачи
3186,Воздвиженское Клинский р-он
484,Волоколамск
221,Вороново
1203,Воскресенск
13369,Воскресенское пос. Подсобного Хозяйства
1673,Востряково
2770,Восход
1546,Высоковск
1101,Газопровод
1560,Гжель
13366,Говорово Ленинский р-он
1102,Голицыно
316,Гольево
1674,Горки Ленинские
1675,Губцево
1676,Давыдово
83,Дашковка
1677,Деденево
226,Дедовск
1103,Дзержинский
478,Дмитров
1678,Добрыниха
1679,Долгое Ледово
472,Долгопрудный
1174,Домодедово
1561,Дорохово
1547,Дрезна
13138,Дроздово
65,Дубна
1628,Дубровки Талдомский р-он
21,Егорьевск
3184,Елино Клинский р-он
3185,Елино Коломенский р-он
3183,Елино Солнечногорский р-он
1680,Еремино
1681,Жаворонки
391,Железнодорожный
1562,Жилево
1682,Житнево
538,Жуковка Одинцовский р-он
1299,Жуковский
117,Жулебино
22,Заборье
13105,Заветы Ильича Пушкинский р-он
1683,Загорянский
1563,Запрудня
1314,Зарайск
1263,Заречье Одинцовский р-он
2401,Захарово Истринский р-он
1180,Захарово Одинцовский р-он
2400,Захарово Раменский р-он
291,Звездный Городок
964,Звенигород
1684,Зеленоградский
702,Знамя Октября
307,Ивантеевка
1685,Измайлово
1564,Икша
1686,Ильинский Раменский р-он
2769,Им. Воровского пос.
1687,Им. Цюрупы пос.
13372,Исаково Солнечногорский р-н Лунёвское с.п.
482,Истра
1688,Калининец
2771,Калиновка
1737,Каринское
2074,Картмазово
80,Кашира
1689,Киевский
1121,Климовск
253,Клин
498,Клязьма
1376,Кожухово
1690,Кокошкино
967,Коломна
1691,Колюбакино
1692,Коммунарка
205,Королев
1090,Косино
524,Котельники
133,Красково
2772,Красная Горка пос. Истринский р-он
322,Красная Пахра
1548,Красноармейск
521,Красногорск
1549,Краснозаводск
1550,Краснознаменск
1693,Кратово
13402,Крекшино
1694,Крюково
1551,Кубинка
2773,Кузяево Лотошинский р-он
1695,Кузяево Раменский р-он
1377,Куркино
1552,Куровское
1378,Кучино
1323,Ленино
1126,Лесной Городок
2774,Лесной Коломенский р-он
2779,Лесной Пушкинский р-он
1696,Лесные Поляны
13376,Лешково Истринский р-н
523,Лешково Сергиево-Посадский р-он
1553,Ликино-Дулево
474,Лобня
536,Лосино-Петровский
481,Лотошино
2775,Лукино Истринский р-он
2776,Лукино Рузский р-он
494,Луховицы
167,Лыткарино
1302,Львовский
57,Люберцы
533,Любучаны
1764,Люторецкое
516,Малаховка
13307,Малое Видное
2777,Малые Вяземы
297,Мамыри
1698,Марфино Клинский р-он
1699,Медвежьи Озера
1187,Менделеево
1700,Мещерино Ленинский р-он
468,Митино
1701,Михнево
1702,Мишеронский
486,Можайск
2778,Молодежный Подольский р-он
121,Молоково
534,Монино
469,Московский
1198,Мосрентген
1379,Мотяково
920,Мытищи
69,Наро-Фоминск
1545,Нахабино
1703,Некрасовский
1380,Немчиновка
1252,Николо-Хованское
1277,Ново-Переделкино
13104,Новоивановское Одинцовский район
1129,Новокосино
1704,Новоподрезково
13293,Новохаритоново
1204,Ногинск
1705,Оболенск
1706,Обухово
520,Одинцово
2088,Одинцово дер. Домодедовский р-он
1554,Ожерелье
496,Озеры
173,Октябрьский
475,Опалиха
172,Орехово-Зуево
225,Осеченки
1381,Павельцево
488,Павловский Посад
2780,Павловское Домодедовский р-он
2781,Павловское Истринский р-он
1565,Переделкино
210,Пересвет
13444,Перхушково
1707,Пески
13286,Пестово Мытищинский р-н
1708,Петрово-Дальнее
1709,Пироговский
1710,Поварово
13305,Подольниха
157,Подольск
1566,Правдинский
2782,Пролетарский
1556,Протвино
1711,Пуршево
1712,Путилково
17,Пушкино
174,Пущино
185,Развилка
1095,Раменское
1713,Раос
13344,Реммаш Сергиево-Посадский р-н
1714,Репихово
389,Реутов
2783,Решетниково
1715,Ржавки
1716,Родники
1717,Рождествено
177,Рошаль
480,Руза
1634,Румянцево
1718,Рязановский
1382,Салтыковка
158,Свердловский
13434,Северный пгт Талдомский р-н
129,Селятино
522,Сергиев Посад
495,Серебряные Пруды
169,Серпухов
1719,Скоропусковский
1720,Снегири
479,Солнечногорск
114,Солнцево
466,Сосенки
2784,Сосновка Озерский р-он
13375,Софина
1567,Софрино
1721,Спас-Заулок
1555,Старая Купавна
1722,Старая Руза
1303,Старосырово
1723,Столбовая
1724,Строитель
122,Ступино
47,Сходня
2785,Сычево Волоколамский р-он
477,Талдом
457,Тарасовка
1250,Томилино
510,Троицк
1725,Тропарево
1568,Тучково
1569,Уваровка
1726,Удельная
13116,Усово Одинцовский р-н
1727,Федурново
1384,Фирсановка
76,Фрязино
1728,Фряново
45,Химки
13393,Хлебниково пос.
1729,Хорлово
966,Хотьково
950,Чашниково
1730,Челобитьево
2787,Черкизово Коломенский р-он
2786,Черкизово Пушкинский р-он
1385,Черная Грязь
171,Черноголовка
1731,Черусти
412,Чехов
1732,Чурилково
3179,Шарапово с. Одинцовский р-он
3181,Шарапово с. Чеховский р-он
3182,Шарапово с. Шатурский р-он
3232,Шарапово Наро-Фоминский р-н
3180,Шарапово Подольский р-он
3178,Шарапово Сергиево-Посадский р-он
489,Шатура
485,Шаховская
517,Шереметьево
1733,Шереметьевский
493,Щелково
1734,Щемилово
162,Щербинка
1319,Электрогорск
168,Электросталь
1557,Электроугли
311,Юбилейный
1735,Ям
40,Яхрома
2793,Абрам-Мыс
989,Апатиты
2798,Гаджиево
2799,Заозерск
401,Заполярный
2794,Зверосовхоз
2803,Кандалакша
2795,Кильдинстрой
2804,Кировск
191,Ковдор
1758,Кола
987,Мончегорск
265,Мурманск
1324,Мурмаши
2800,Никель
2801,Оленегорск
2802,Печенга
2805,Полярные Зори
2796,Полярный
13332,Ревда
2382,Североморск
2797,Снежногорск
1657,Искателей
943,Нарьян-Мар
1883,Ардатов
1002,Арзамас
13229,Афонино
1000,Балахна
13226,Бешенцево
1008,Богородск
13387,Большая Ельня
1884,Большое Болдино
13228,Большое Козино
1885,Большое Мурашкино
1004,Бор
1886,Бутурлино
1887,Вад
1888,Варнавино
1892,Васильсурск
1010,Вача
1889,Ветлуга
1890,Вознесенское
541,Володарск
1891,Воротынец
1215,Ворсма
1893,Воскресенское
1014,Выкса
1894,Гагино
1005,Городец
1006,Дальнее Константиново
863,Дзержинск
1895,Дивеево
2806,Дружный
13231,Ждановский
2807,Желнино
1007,Заволжье
2808,Ильино
2809,Ильиногорск
1896,Княгинино
1897,Ковернино
1898,Красные Баки
1001,Кстово
2810,Кудьма
1013,Кулебаки
1899,Лукояново
1003,Лысково
1012,Навашино
414,Нижний Новгород
13225,Ольгино
13224,Орловские дворики
1009,Павлово
1900,Первомайск
1901,Перевоз
1015,Пильна
1902,Починки
2374,Решетиха
13230,Ржавка
1231,Саров
1903,Семенов
1904,Сергач
1905,Сеченово
1906,Сокольское
13223,Сортировочный
1011,Сосновское
1907,Спасское
1908,Тонкино
1909,Тоншаево
1910,Уразовка
1911,Урень
13056,Федяково Кстовский р-он
13227,Черепичный
1912,Чкаловск
1913,Шаранга
1914,Шатки
420,Шахунья
2811,Батецкий
2358,Боровичи
2812,Валдай
139,Великий Новгород
2813,Волот
2814,Демянск
2815,Крестцы
2816,Любытино
2817,Малая Вишера
2818,Марево
2819,Мошенское
2820,Окуловка
2821,Парфино
2822,Пестово
2823,Поддорье
2824,Сольцы
2825,Старая Русса
2826,Хвойная
2827,Холм
2390,Чудово
2828,Шимск
1961,Александро-Невский
1962,Астродым
737,Баган
1963,Балта
745,Барабинск
1747,Барышево
1964,Бергуль
728,Бердск
1965,Биаза
733,Болотное
1966,Быстровка
1967,Вахрушево
753,Венгерово
1968,Верх-Алеус
1969,Верх-Ирмень
1970,Верх-Каргат
1971,Верх-Тула
1972,Веселая
1973,Горный
738,Довольное
13371,Евсино Искитимский р-он
1974,Егорьевское
1975,Елбаши
1976,Журавка
1977,Завьялово
747,Здвинск
1978,Игнатьевка
13401,Издревая
70,Искитим
1979,Ичкала
2009,Каменка
739,Карасук
749,Каргат
1980,Карпысак
1981,Керамкомбинат
1982,Кирза
1983,Кожурла
1984,Колбаса
736,Колывань
1278,Кольцово
1985,Константиновка Татарский р-он
1986,Коурак
735,Коченево
740,Кочки
741,Краснозерское
525,Краснообск
1246,Криводановка
1987,Кротово
13122,Крупской
1988,Кудряшовский
746,Куйбышев
742,Купино
754,Кыштовка
1989,Линево
1990,Льниха
1991,Мальчиха
1310,Марусино
1992,Марчиха
731,Маслянино
1993,Мотково
13249,Мочище Карьер
732,Мошково
13252,Новолуговое
270,Новосибирск
1994,Новощербаки
378,Новый Поселок
756,Обь
13251,Огурцово
743,Ордынское
13253,Пашино
1995,Петени
1996,Петропавловка
1997,Пихтовка
1998,Покровка Чистоозерный р-он
744,Северное
1999,Станционно-Ояшинский
2000,Старогорносталево
2001,Старый Тартас
730,Сузун
748,Татарск
727,Тогучин
13118,Толмачево
2002,Турнаево
750,Убинское
2003,Умрева
1538,Управляющая Компания
755,Усть-Тарка
751,Чаны
2004,Чебаки
729,Черепаново
2005,Черный Мыс
1256,Чик
752,Чистоозерное
734,Чулым
1194,Элитное
13250,Юный Ленинец
710,Азово
13265,Береговой
1390,Большеречье
1489,Большие Уки
714,Горьковское
35,Горячий Ключ
972,Дружино
1317,Знаменское
82,Исилькуль
713,Калачинск
13316,Ключи
1490,Колосовка
717,Кормиловка
1179,Красный Яр
1391,Крутинка
1877,Любино
720,Любинский
13139,Магистральный
716,Марьяновка
13264,Морозовка
1491,Москаленки
1396,Муромцево
1398,Называевск
1492,Нижняя Омка
1402,Нововаршавка
715,Одесское
1493,Оконешниково
268,Омск
1494,Омский
719,Павлоградка
1389,Полтавка
1401,Русская Поляна
1878,Саргатка
1495,Саргатское
13326,Светлый
1394,Седельниково
711,Таврическое
718,Тара
1393,Тевриз
1397,Тюкалинск
1392,Усть-Ишим
13263,Харино
13266,Черемуховское
712,Черлак
1395,Чугунлы
1399,Шербакуль
2837,Абдулино
13034,Адамовка
13035,Акбулак
13050,Александровка Александровский р-он
13036,Асекеево
13051,Беляевка Беляевский р-он
100,Бугуруслан
1218,Бузулук
1171,Весенний
13214,Виноградовский
696,Гай
13119,Гранитный Новоорского р-на
13052,Грачевка Грачевский р-он
13420,Домбаровка
13037,Домбаровский
13211,Жилгородок
13222,Ивановка
13038,Илек
1234,Каргала
13039,Кваркено
13137,Краснохолм
2832,Кувандык
13040,Курманаевка
13215,Кушкуль
13218,Ленина поселок
2838,Матвеевка
36,Медногорск
13220,Нежинка
13221,Нежинка-2
13217,Нижняя Павловка
2833,Новоорск
247,Новосергиевка
11,Новотроицк
13053,Октябрьское Октябрьский р-он
261,Оренбург
697,Орск
13054,Первомайский Первомайский р-он
13041,Переволоцкий
13042,Плешаново
13219,Подгородняя Покровка
13043,Пономаревка
2829,Пригородный
1958,Ростоши
13044,Сакмара
2830,Саракташ
12996,Светлый Светлинский р-он
13045,Северное
13212,Солнечный
2831,Соль-Илецк
2834,Сорочинск
13046,Ташла
2835,Тоцкое
13433,Тоцкое Второе
13047,Тюльган
13213,Учхоз
13049,Шарлык
13048,Энергетик Новоорский р-он
13216,Южный Урал
2836,Ясный
2839,Болхов
2840,Дросково
2841,Залегощь
2842,Змиевка
2843,Знаменка
2844,Колпны
2845,Кромы
2846,Куликовский
440,Ливны
2847,Малоархангельск
1115,Мценск
2848,Нарышкино
149,Орел
2849,Отрадинский
2850,Покровское
2851,Становой Колодезь
2852,Тросна
2853,Хотынец
2858,Белинский
2854,Бессоновка
2855,Городище
2860,Грабово
421,Заречный
2856,Каменка
2857,Колышлей
1021,Кузнецк
13345,Нижний Ломов
13288,Никольск
504,Пенза
2395,Русский Камешкир
2859,Сердобск
13290,Чаадаевка
1769,Азово
589,Александровск
598,Барда
564,Березники
570,Березовка
576,Большая Соснова
13235,Большое Савино
13234,Ванюки
573,Верещагино
13232,Верхние Муллы
1132,Гайны
585,Горнозаводск
569,Гремячинск
567,Губаха
582,Добрянка
596,Елово
2861,Звездный
591,Ильинский
597,Карагай
574,Кизел
2862,Кондратово
1133,Коса
1134,Кочево
565,Красновишерск
588,Краснокамск
579,Кудымкар
581,Куеда
586,Кунгур
568,Лысьва
2863,Майский
2864,Новоильинский
13102,Новые Ляды
587,Нытва
2865,Оверята
583,Октябрьский
577,Орда
595,Оса
594,Оханск
593,Очер
13237,Пальники
248,Пермь
13233,Песьянка
1342,Полазна
592,Сива
572,Соликамск
590,Суксун
66,Сылва
578,Уинское
2866,Уральский
566,Усолье
2364,Усть-Кишерть
13236,Ферма
563,Чайковский
584,Частые
562,Чердынь
580,Чернушка
575,Чусовой
1343,Юго-Камский
1135,Юрла
1136,Юсьва
2867,Яйва
2379,Арсеньев
53,Артем
13282,Артемовский
904,Большой Камень
288,Владивосток
2380,Владимиро-Александровское
1853,Вольно-Надеждинское
128,Восточный
500,Врангель
13060,Горные Ключи
1148,Дальнегорск
2378,Дальнереченск
1074,Заводской
13429,Зарубино
2868,Кавалерово
13442,Кипарисово
13283,Кневичи
13284,Кролевцы
2377,Лесозаводск
2869,Ливадия
2398,Лучегорск
13440,Мирный
2870,Михайловка
501,Находка
13100,Новоникольск Уссурийский район
13439,Новый
2394,Партизанск
2375,Пограничный
907,Покровка
13441,Раздольное
2871,Сибирцево
2872,Славянка
2376,Спасск-Дальний
13285,Суражевка
13443,Тереховка
13099,Тимирязевский Уссурийский р-н
13279,Трудовой
2873,Угловое
13280,Угольная
955,Уссурийск
906,Фокино
2874,Черниговка
13306,Южно-Морской
13281,Ясное
1770,Азово
136,Бежаницы
1315,Великие Луки
2875,Гдов
2876,Дедовичи
2877,Дно
3204,Кузнецовка
2878,Кунья
2879,Локня
2880,Невель
2881,Новоржев
2882,Новосокольники
2883,Опочка
1168,Остров
2884,Палкино
2885,Печоры
2886,Плюсса
2887,Порхов
393,Псков
968,Пустошка
2888,Пушкинские Горы
2889,Пыталово
2890,Себеж
2891,Струги Красные
2892,Усвяты
1068,Азов
1070,Аксай
2893,Багаевская
1072,Батайск
1543,Белая Калитва
2894,Боковская
13161,Большой Лог
2895,Веселый
2896,Вешенская
1075,Волгодонск
2897,Гигант
2898,Глубокий
1316,Гуково
1540,Донецк
2899,Донской Азовский р-он
2900,Дубовское
2901,Егорлыкская
2902,Заветное
2903,Заводской
2904,Зверево
2905,Зерноград
2906,Зимовники
2907,Кагальницкая
2908,Казанская
953,Каменоломни
1245,Каменск-Шахтинский
2909,Кашары
2910,Константиновск
1539,Красный Сулин
2911,Куйбышево
2912,Лиховской
2913,Майский
2914,Матвеев Курган
1060,Миллерово
2915,Милютинская
2916,Морозовск
1748,Новая Целина
1071,Новочеркасск
206,Новошахтинск
2917,Обливская
2918,Орловский
1738,Островянский
2919,Персиановка
2920,Песчанокопское
2921,Покровское
2922,Пролетарск
2923,Ремонтное
2924,Родионово-Несветайская
2925,Романовская
438,Ростов-на-Дону
2926,Сальск
2927,Самарское
2928,Семикаракорск
13154,Советская
2929,Средний Егорлык
1069,Таганрог
2930,Тарасовский
2931,Тацинская
2932,Усть-Донецкий
2933,Целина
2934,Цимлянск
2935,Чалтырь
2936,Чертково
2349,Шахты
2943,Александро-Невский
3233,Елатьма
552,Зеленинские Дворики
2944,Касимов
2938,Кораблино
13103,Милославское
2939,Михайлов
459,Новомичуринск
2940,Октябрьский
2941,Рыбное
2945,Ряжск
159,Рязань
2946,Сапожок
12997,Сараи Сараевский р-он
2355,Сасово
2947,Скопин
13092,Спас-Клепики
2937,Спасск-Рязанский
2942,Старожилово
2952,Телебукино
2948,Ухолово
2949,Чулково
2951,Шацк
2950,Шилово
1049,Алексеевка пос. Кинельский р-он
2955,Алексеевка с. Алексеевкий р-он
1053,Безенчук
13412,Береза
1221,Богатое
1051,Большая Глушица
13427,Большая Каменка
1050,Большая Черниговка
1047,Борское
13021,Васильевка
13413,Верхняя Подстепновка
290,Волжский
13414,Воскресенка Волжский р-н
13025,Выселки
13011,Дубовый умет Волжский р-н
1222,Елховка
1045,Жигулевск
13020,Зеленовка
1039,Исаклы
1223,Камышла
1046,Кинель
1043,Кинель-Черкасcы
1038,Клявлино
13196,Козелки
1036,Кошки
1030,Красная Глинка
1052,Красноармейское
1042,Красный Яр
13198,Кряж
13200,Курумоч
3225,Лопатино Волжский р-он
13031,Луначарский
13415,Мирный
1048,Нефтегорск
13024,Нижнее Санчелеево
13418,Николаевка
1031,Новокуйбышевск
13392,Новопавловка Большеглушицкий р-н
1273,Новосемейкино
1034,Октябрьск
1044,Отрадный
1224,Пестравка
13419,Петра-Дубрава
13028,Подстепки
1041,Похвистнево
1035,Приволжье
13416,Придорожный
13030,Приморский
947,Просвет
13022,Рассвет
13399,Русская Борковка
430,Самара
2386,Сергиевск
13201,Смышляевка
13199,Спиридоновка
13417,Спутник
1875,Стройкерамика
13197,Сухая Самарка
13033,Суходол
1033,Сызрань
13027,Ташла
2953,Тимашево
13032,Тимофеевка
431,Тольятти
13023,Узюково
13195,Управленческий
2954,Усть-Кинельский
13019,Федоровка
2388,Хворостянка
13026,Хрящевка
13391,Чапаево Красноярский р-н
2384,Чапаевск
2385,Челно-Вершины
2387,Шентала
13422,Шигоны
13018,Яблоневый Овраг
13029,Ягодное
13096,Яицкое
2733,Александровская
13403,Александровская Курортный р-он
2724,Белоостров
13404,Володарский Красносельский р-он
1305,ГОРЕЛОВО
2685,Зеленогорск
1289,Колпино
2723,Комарово
1288,Красное село
1287,Кронштадт
13057,Лахта
2725,Левашово
1633,Лисий Нос
983,Ломоносов
1285,Металлострой
2729,Молодежное
1388,Павловск
1213,Парголово
1211,Песочный
2708,Петро-Славянка
1210,Петродворец
1584,Понтонный
394,Пушкин
13406,Разлив Курортный р-он
396,Репино
137,Санкт-Петербург
1586,Саперный
2730,Серово
1208,Сестрорецк
2731,Смолячково
2732,Солнечное
13108,Старо-Паново Красносельский р-он
1207,Стрельна
13407,Тарховка Курортный р-н
13408,Торики Красносельский р-н
2726,Тярлево
2727,Усть-Ижора
2728,Ушково
1206,Шушары
2956,Аркадак
2957,Аткарск
13006,Базарный Карабулак
1089,Балаково
1629,Балашов
2958,Вольск
2959,Генеральское
2960,Дубки
2961,Екатериновка
2962,Елшанка
2963,Ершов
2964,Зоринский
2965,Ивантеевка
222,Калининск
2966,Квасниковка
1028,Красноармейск
2967,Красный Кут
2968,Красный Октябрь
2969,Красный Текстильщик
2970,Красный Яр Аркадакский р-он
2971,Лысые Горы
1851,Маркс
2972,Мокроус
13005,Новоузенск
2973,Озинки
2974,Петровск
13061,Подлесное Марксовский р-он
2975,Приволжский
2976,Пристанное
2977,Пробуждение
2978,Пугачев
2979,Расково
2980,Ртищево
428,Саратов
2981,Степное
2982,Тарханы
2983,Татищево
2984,Усть-Курдюм
2985,Хвалынск
2986,Чардым
2987,Шиханы
2988,Шумейка
214,Энгельс
2989,Айхал
502,Алдан
1420,Амга
1418,Белая Гора
13426,Большая Марха
1427,Борогонцы
19,Вилюйск
1428,Депутатский
1465,Жиганск
1415,Зырянка
1416,Ленск
1422,Майя
2995,Марха
1462,Марха Верхневилюйский р-он
2994,Марха Олекминский р-он
891,Мирный
1423,Намцы
892,Нерюнгри
1463,Нижний Куранах
13144,Новый город
1429,Олекминск
1425,Оленек
13003,Пеледуй
1488,Покровск
1421,Сангар
2990,Светлый
2991,Серебряный Бор
1426,Сунтар
893,Тикси
1417,Томмот
1298,Удачный
2992,Чернышевский
1424,Черский
1464,Чокурдах
2993,Чульман
1419,Ытык-Кюель
283,Якутск
13436,Дачное Корсаковский р-н
56,Корсаков
3216,Невельск
2997,Ноглики
2399,Оха
2996,Поронайск
68,Холмск
13425,Шахтерск
13007,Южно-Курильск
473,Южно-Сахалинск
1337,Алапаевск
602,Арамиль
1191,Артемовский
1864,Арти
608,Асбест
1645,Ачит
1643,Белоярский
610,Березовский
1435,Бисерть
1373,Богданович
13241,Большой Исток
1541,Буланаш
3215,Верх-Нейвинский
13008,Верхнее Дуброво
13303,Верхние Серьги
607,Верхний Тагил
609,Верхняя Пышма
605,Верхняя Салда
13101,Верхняя Синячиха
1648,Верхняя Тура
1650,Верхотурье
1653,Волчанск
1647,Горноуральский
13378,Двуреченск
2998,Дегтярск
13379,Дружинино
250,Екатеринбург
1874,Елань
13145,Залесье
614,Заречный
1640,Ивдель
1267,Ирбит
615,Каменск-Уральский
613,Камышлов
1293,Карпинск
603,Качканар
305,Кировград
13310,Кольцово
13015,Комарово дер. Пышминский р-он
13238,Компрессорный
600,Краснотурьинск
1651,Красноуральск
113,Красноуфимск
604,Кушва
1403,Лесной
13325,Малый Исток
13383,Михайловск
13377,Монетный
1335,Невьянск
1644,Нижние Серги
251,Нижний Тагил
72,Нижняя Салда
1339,Нижняя Тура
1649,Новая Ляля
611,Новоуральск
616,Первоуральск
3203,Покровское Каменский р-он
606,Полевской
3230,Пышма
306,Ревда
1642,Реж
1436,Рефтинский
13240,Рудный
12999,Свободный
599,Североуральск
601,Серов
2397,Среднеуральск
2006,Старопышминск
1641,Сухой Лог
1414,Сысерть
1632,Тавда
612,Талица
13380,Троицкий Талицкий р-н
1865,Тугулым
1652,Туринск
13239,Химмаш
2999,Цементный
3217,Черноисточинск Пригородный р-он
1646,Шаля
13309,Широкая Речка
13146,Шувакиш
2010,Алагир
2011,Ардон
2018,Беслан
2013,Верхний Ларс
1082,Владикавказ
2021,Гизель
2022,Дигора
2012,Заводской
2014,Моздок
2015,Октябрьское
2020,Чикола
2019,Эльхотово
3003,Верхнеднепровский
397,Вязьма
398,Гагарин
3004,Десногорск
3001,Дорогобуж
3005,Кардымово
1190,Печерск
13091,Починок Починковский р-он
3002,Рославль
3000,Рудня
2353,Сафоново
395,Смоленск
3006,Сычевка
2354,Ярцево
1468,Александровское
3008,Анджиевский
1469,Безопасное
1470,Благодарный
1080,Буденновск
3009,Винсады
1077,Георгиевск
1088,Георгиевская
3010,Горячеводский
1471,Грачевка
3011,Демино
1472,Дивное
1473,Донское
1235,Ессентуки
3012,Ессентукская
1280,Железноводск
1474,Зеленокумск
3013,Зольская
3014,Ивановское
54,Изобильный
3015,Иноземцево
1475,Ипатово
3016,Канглы
62,Кисловодск
1476,Кочубеевское
1477,Красногвардейское
1478,Курсавка
1479,Курская
1480,Левокумское
1076,Лермонтов
1481,Летняя Ставка
199,Минеральные Воды
1078,Михайловск
1079,Невинномысск
3017,Нежинский
3018,Незлобная
127,Нефтекумск
3019,Новая Деревня
1482,Новоалександровск
3020,Новопавловск
1483,Новоселицкое
1274,Новотерский
3021,Новотроицкая
3022,Обильное
3023,Первомайский
3024,Подкумок
151,Пятигорск
3025,Рыздвяный
1484,Светлоград
1485,Солнечнодольск
1486,Солуно-Дмитриевское
439,Ставрополь
3026,Старомарьевка
1879,Тарский
3027,Татарка
3028,Бокино
3030,Жердевка
3031,Знаменка
3032,Кирсанов
3033,Комсомолец
377,Котовск
380,Мичуринск
3034,Моршанск
3036,Первомайский
371,Рассказово
3035,Ржакса
3029,Строитель
298,Тамбов
3037,Уварово
1497,Агрыз
1498,Азнакаево
1499,Аксубаево
1500,Актаныш
1501,Алексеевка Бавлинский р-он
3038,Алексеевское
1533,Алькеево
1054,Альметьевск
1503,Апастово
13190,Аракчино Новое
13186,Аракчино Старое
1504,Арск
1534,Атня
1506,Бавлы
1502,Базарные Матаки
1507,Балтаси
1525,Богатые Сабы
1527,Болгар
1505,Большая Атня
1514,Большие Кайбицы
1055,Бугульма
1508,Буинск
3043,Васильево Зеленодольский р-он
3044,Васильево Мамадышский р-он
1509,Верхний Услон
1018,Волжск
13313,Восточный
1510,Высокая Гора
3042,Дербышки
3220,Джалиль
1056,Елабуга
1512,Заинск
13188,Залесный
1513,Зеленодольск
13191,Кадышево
424,Казань
1535,Кайбицы
3221,Камские Поляны
1515,Камское Устье
13187,Киндери
13445,Кирби
1516,Кукмор
1517,Лаишево
213,Лениногорск
13089,Макаровка Лаишевский р-н
13194,Макаровка Нижнекамский р-н
13055,Малые Кабаны Лаишевский р-он
1518,Мамадыш
1519,Менделеевск
1520,Мензелинск
13312,Мирный
1521,Муслюмово
433,Набережные Челны
153,Нижнекамск
1407,Нижняя Мактама
1522,Новошешминск
1023,Нурлат
3041,Осиново
1523,Пестрецы
1524,Рыбная Слобода
13192,Салмачи
1526,Сарманово
3040,Старое Дрожжаное
13193,Сухая Река
1528,Тетюши
1529,Тюлячи
1531,Уруссу
3039,Усады
1530,Черемшан
1022,Чистополь
1511,Чувашское Дрожжаное
13189,Юдино
1443,Андреаполь
1771,Аньково
13373,Батино
1304,Бежецк
1444,Белый
3045,Бобровка
1445,Бологое
1446,Вышний Волочек
3046,Завидово
3047,Заволжский
1447,Западная Двина
13368,Змеёво Калининский р-н
1448,Зубцов
1449,Калязин
1450,Кашин
13327,Квакшино Калининский р-он
13308,Кесова Гора
1451,Кимры
1452,Конаково
1453,Красный Холм
1454,Кувшиново
1455,Лихославль
293,Максатиха
13367,Мокшино Конаковский р-он
3234,Монино
1456,Нелидово
13304,Нерль
3048,Новозавидовский
13385,Оленино
1457,Осташков
938,Плоскошь
410,Редкино
1458,Ржев
13384,Садыково Калининский р-н
3051,Селижарово
3050,Спирово
1459,Старица
245,Тверь
1387,Торжок
1460,Торопец
1461,Удомля
3049,Черногубово
13256,Академгородок
3055,Александровское
409,Асино
3056,Бакчар
3057,Белый Яр
722,Богашево
13261,Зональный
310,Зоркальцево
3058,Зырянское
725,Каргасок
13257,Каштак
3054,Кедровый
2087,Кожевниково
726,Колпашево
13262,Копылово
3053,Кривошеино
13258,Кузовлево
13254,ЛПК 2-ой поселок
724,Мельниково
3059,Молчаново
2343,Парабель
3060,Первомайское
296,Подгорное
13259,Предтеченск
3052,Светлый
723,Северск
13255,Синий Утес
13320,Сосновый Бор
515,Стрежевой
3061,Тегульдет
13260,Тимирязево
269,Томск
13324,Томскнефтехим р-н
2090,Алексин
2091,Арсеньево
2096,Архангельское
2092,Белев
446,Богородицк
445,Венев
2093,Волово
1750,Гвардейский
1959,Донской
2094,Дубна Тульская обл.
444,Ефремов
2095,Заокский
939,Кимовск
2097,Киреевск
3062,Косая Гора
2098,Куркино
2099,Ленинский
3063,Менделеевский
447,Новомосковск
2100,Одоев
3065,Первомайский
2101,Плавск
3066,Северо-Задонск
3064,Скуратовский
2106,Суворов
2102,Теплое
150,Тула
2103,Узловая
2104,Чернь
2105,Щекино
449,Ясногорск
3067,Ак-Довурак
3073,Каа-Хем
871,Кызыл
3070,Кызыл-Мажалык
3074,Мугур-Аксы
3072,Сарыг-Сеп
3077,Тоора-Хем
3076,Туран
3069,Тээли
3075,Хандагайты
3071,Чадан
3078,Шагонар
3068,Эрзин
3088,Антипино Нижнетавдинский р-он
3087,Антипино Тюменский р-он
1751,Армизонское
13318,Березняки
3079,Богандинский
922,Боровский
13354,Верхний Бор
3080,Винзили
3082,Ембаево
619,Заводоуковск
13394,Исетское Исетский р-н
620,Ишим
13242,Казарово
1178,Каскара
13134,Княжево
13355,Комарово
13428,Кулига
13245,Луговое
3226,Лыткина пос. Тобольский р-он
3083,Мальково
3084,Матмасы
13243,Метелево
13423,Мичурино
1172,Московский
1850,Нижняя Тавда
3085,Новотарманский
3086,Ожогино
1849,Омутинское
13117,Патрушево
13246,Плеханово
13319,Рощино
512,Тобольск
13329,Туртас
252,Тюмень
1466,Упорово
13244,Утяшево
13424,Червишево
617,Ялуторовск
3081,Ярково
3097,Алнаши
3098,Балезино
3089,Воткинск
561,Глазов
3090,Завьялово
3091,Игра
224,Ижевск
3099,Камбарка
3100,Каракулино
3092,Малая Пурга
1871,Можга
491,Сарапул
3093,Сигаево
3094,Ува
3095,Шаркан
3096,Якшур-Бодья
3101,Яр
3111,Базарный Сызган
3112,Барыш
3102,Большое Нагаткино
3113,Вешкайма
2350,Димитровград
1635,Енганаево
3114,Инза
3103,Ишеевка
3104,Карсун
3115,Кузоватово
3105,Майна
3116,Николаевка пос.
3117,Новоспасское
3106,Новоульяновск
3118,Павловка пос.
3119,Радищево
3107,Сенгилей
3120,Старая Кулатка
3108,Старая Майна
3109,Тереньга
422,Ульяновск
3110,Чердаклы
900,Амурск
1438,Аян
3121,Березовка
13410,Богородское Ульчский р-н
13147,Бяуде
29,Ванино
2363,Вяземский
902,Де-Кастри
1266,Заветы-Ильича
3122,Ильинка
3123,Князе-Волконское
903,Комсомольск-на-Амуре
13438,Многовершинный Николаевский р-н
2372,Николаевск-на-Амуре
1487,Новый Ургал
899,Охотск
13115,Переяславка
2373,Советская Гавань
3124,Солнечный
13398,Токи
13148,Тополево
287,Хабаровск
13432,Чегдомын
823,Абакан
826,Белый Яр
1149,Вершина Теи
13390,Кирба
1150,Копьево
13111,Пригорск
827,Саяногорск
2007,Сорск
3125,Усть-Абакан
3126,Черемушки
3127,Черемушки Боградский р-он
824,Черногорск
825,Шира
3128,Барсово
105,Белоярский
1017,Белый Яр
3131,Березово
13248,Вата
3130,Высокий
1430,Игрим
1440,Излучинск
3129,Кедровый
623,Когалым
624,Лангепас
154,Лянтор
1137,Мегион
1431,Междуреченский
621,Нефтеюганск
255,Нижневартовск
13140,Новоаганск Нижневартовский р-н
626,Нягань
1745,Октябрьское
73,Покачи
13066,Приобье
229,Пыть-Ях
20,Радужный
13135,Реполовские Юрты
1217,Советский
13069,Солнечный Сургутский р-он
254,Сургут
540,Урай
625,Ханты-Мансийск
627,Югорск
13070,Юность
3134,Агаповка
1344,Аргаяш
688,Аша
13207,Аэропорт
13210,Береговой
3132,Вахрушево
1104,Верхний Уфалей
3135,Вишневогорск
13153,Дзержинского
3133,Долгодеревенское
1347,Еманжелинск
685,Златоуст
3136,Карабаш
684,Карталы
686,Касли
961,Копейск
1753,Коркино
3137,Куса
687,Кыштым
13010,Локомотивный
258,Магнитогорск
7,Миасс
692,Озерск
3138,Пласт
689,Сатка
13209,Смолино
693,Снежинск
3218,Трехгорный
690,Троицк
3139,Тюбук
3140,Увельский
13009,Увильды
1754,Усть-Катав
3219,Чебаркуль
259,Челябинск
3141,Черемшанка
13206,Шагол
13208,Шершни
962,Южноуральск
3143,Аргун
3142,Ачхой-Мартан
3152,Ведено
441,Грозный
3144,Гудермес
3145,Знаменское
3150,Итум-Кале
3154,Курчалой
3146,Наурская
3147,Урус-Мартан
3148,Шали
3153,Шарой
3151,Шатой
3149,Шелковская
3159,Алатырь
3189,Аликово
3190,Батырево
3191,Вурнары
3192,Ибреси
3160,Канаш
3161,Козловка
3193,Комсомольское
3194,Красноармейское
3195,Красные Четаи
3155,Кугеси
3156,Лапсары
3157,Мариинский Посад
3196,Моргауши
387,Новочебоксарск
3197,Порецкое
3198,Урмары
3199,Цивильск
419,Чебоксары
3200,Шемурша
3188,Шихазаны
1749,Шумерля
3158,Ядрин
3201,Яльчики
3202,Янтиково
2381,Анадырь
3163,Билибино
3164,Певек
3166,Провидения
13149,Тавайваам
3162,Угольные Копи
3165,Эгвекинот
1741,Аксарка
618,Губкинский
2300,Коротчаево
1441,Красноселькуп
680,Лабытнанги
3210,Лимбяяха
1442,Мужи
678,Муравленко
681,Надым
12,Новый Уренгой
679,Ноябрьск
3211,Пангоды
3212,Пуровск
51,Пурпе
677,Салехард
1340,Тазовский
682,Тарко-Сале
13150,Толька
3167,Уренгой
2008,Харп
3231,Ямбург
1338,Яр-Сале
3175,Большое Село
13063,Борисоглебский
1437,Гаврилов-Ям
531,Данилов
3168,Заволжье
3176,Искра Октября
1412,Карабиха
3169,Константиновский
3170,Красные Ткачи
3171,Лесная Поляна
13156,Любим
1411,Мышкин
3172,Нагорный
3177,Октябрьский
187,Переславль-Залеский
1413,Петровск
1410,Пошехонье
434,Ростов
147,Рыбинск
3173,Семибратово
1409,Тутаев
1110,Углич
3174,Щедрино
146,Ярославль
